Speaker,Display Image url,Title,Location,Attended Event,All Videos,Slide Decks,Linkedin,Twitter,Facebook,Website
Baratunde Thurston,https://web.archive.org/web/20171117230616im_/https://d8142femxnlg1.cloudfront.net/cropped-profile-photos/5fadeb99b2c4a0a7f7866b7f22b3f090cbfb4e6b-s48.png,Independent designer; GIF sommelier. Started that whole “responsive web design” thing. (@RWD) Has a bukk.it. ⭐️ &gt; ❤️.,,"{('Name', 'City,Country', 'Date'): [['TED2015', '16th–20th March 2015', '  Canada  Canada,  Vancouver ', 'RailsConf 2014', '22nd–25th April 2014', '  United States  United States,  Chicago ', 'SXSW Interactive 2014', '7th–11th March 2014', '  United States  United States,  Austin ', 'Dublin Web Summit 2013', '30th–31st October 2013', '  Ireland  Ireland,  Dublin ', 'SXSW Interactive 2013', '8th–12th March 2013', '  United States  United States,  Austin ']]}","{('Title', 'Url', 'Event Name'): [['DataGotham 2012 - Baratunde Thurston, Cultivated Wit', 'https://web.archive.org/web/20170822175921/http://www.youtube.com/watch?v=WJ8ZECUxrqw', 'Baratunde Thurston', 'Baratunde Thurston - from Main Stage - Dublin Web Summit 2012', 'https://web.archive.org/web/20170822175921/http://new.livestream.com/websummit/DWS12Main/videos/5790157', 'WebVisions Portland 2012 - Baratunde Thurston', 'https://web.archive.org/web/20170822175921/http://www.youtube.com/watch?v=QioZJgDZY-g', 'Baratunde Thurston', 'Baratunde Thurston, Comedian - LeWeb London 2012 - Plenary 1', 'https://web.archive.org/web/20170822175921/http://www.youtube.com/watch?v=li0AjbJca00', 'Web 2.0 Expo NY 2011, Baratunde Thurston, The Onion', 'https://web.archive.org/web/20170822175921/http://www.youtube.com/watch?v=WRD9jIEj8Ao', 'Correspondent from the Future']]}","Let's build an Airport – How to estim,e large scale projects , UX Camp West 2016, 27th-28th August 2016, https://web.archive.org/web/20171117230609/http://www.slideshare.net/ma6/lets-build-an-airport-how-to-estimate-large-scale-projects",,https://web.archive.org/web/20170618050433/http://twitter.com/baratunde,,https://web.archive.org/web/20171117230616/http://lanyrd.com/profile/baratunde/
C.C. Chapman,https://web.archive.org/web/20171117230616im_/https://d8142femxnlg1.cloudfront.net/cropped-profile-photos/61fc5e8f0165e9939999cc9e579c1866d12f11c7-s48.jpeg,MarketingConsultantandProfessionalCreative,"Boston , United States","{('Name', 'City,Country', 'Date'): [['Congres Content Marketing & Webredactie 2015', '24th November 2015', '  Netherlands  Netherlands,  Utrecht ', 'Digital Summit Phoenix', '31st March to 1st April 2014', '  United States  United States,  Phoenix ', 'Content Marketing and Web Editing Conference 2013', '12th November 2013', '  Netherlands  Netherlands,  Utrecht ', 'INBOUND 2013', '19th–22nd August 2013', '  United States  United States,  Boston ', 'Social Media Camp', '6th–8th May 2013', '  Canada  Canada,  Victoria ']]}","{('Title', 'Url', 'Event Name'): [[]]}","Testing the legacy: making existing applic,ions testable without epic efforts , ITx, 11th-13th July 2016, https://web.archive.org/web/20171117230609/http://www.slideshare.net/alexleonov/testing-the-legacy-making-existing-applications-testable-without-epic-efforts",https://web.archive.org/web/20170803025047/https://www.linkedin.com/in/cchapman,https://web.archive.org/web/20170803025047/http://twitter.com/cc_chapman,,https://web.archive.org/web/20171117230616/http://lanyrd.com/profile/cc_chapman/
Jared Spool,https://web.archive.org/web/20171117230616im_/https://d8142femxnlg1.cloudfront.net/cropped-profile-photos/b3e46e6f3cdedb036e23509f72ed18bd0abe4ea5-s48.jpg,Independent designer; GIF sommelier. Started that whole “responsive web design” thing. (@RWD) Has a bukk.it. ⭐️ &gt; ❤️.,,"{('Name', 'City,Country', 'Date'): [['UXCamp NYC 2017', '24th June 2017', '  United States  United States,  Manhattan ', 'UX Scotland 2017', '7th–9th June 2017', '  Scotland  Scotland,  Edinburgh ', 'ConversionXL Live 2017', '5th–7th April 2017', '  United States  United States,  San Antonio ', 'An evening with Jared Spool! Design is a Team Sport', '10th March 2017', '  United States  United States,  Irvine ', 'Webstock 2017', '13th–17th February 2017', '  New Zealand  New Zealand,  Wellington ']]}","{('Title', 'Url', 'Event Name'): [['Building Design-Infused Organizations - Jared Spool', 'https://web.archive.org/web/20170824225532/https://vimeo.com/157085363', 'Building Design-Infused Organizations', 'Is Design Metrically Opposed? - Jared Spool', 'https://web.archive.org/web/20170824225532/https://vimeo.com/117098279', 'Making Unicorns: Building A New Design School - Jared Spool & Leslie Jensen-Inman on Vimeo', 'https://web.archive.org/web/20170824225532/http://vimeo.com/59784358', 'Is design metrically opposed?', ""Webstock '12: Jared Spool - The Anatomy of a Design Decision"", 'https://web.archive.org/web/20170824225532/http://vimeo.com/38973832', 'Jared Spool | Mobile & UX: Inside the Eye of the Perfect Storm | Mobilism 2011', 'https://web.archive.org/web/20170824225532/http://vimeo.com/25547105', 'Making Unicorns: Building New Design Education', 'Jared Spool - The Unintuitive Nature of Creating Intuitive Designs?', 'https://web.archive.org/web/20170824225532/http://vimeo.com/27476098', 'Jared Spool - Opening Plenary for URF 2010', 'https://web.archive.org/web/20170824225532/http://vimeo.com/21097076', 'The Anatomy of a Design Decision']]}","Being agile and seeing the big picture: the challenge , ITx, 11th-13th July 2016, https://web.archive.org/web/20171117230609/http://www.slideshare.net/alexleonov/being-agile-and-seeing-big-picture",,https://web.archive.org/web/20171112080701/http://twitter.com/jmspool,,https://web.archive.org/web/20171117230616/http://lanyrd.com/profile/jmspool/
Josh Clark,https://web.archive.org/web/20171117230616im_/https://d8142femxnlg1.cloudfront.net/cropped-profile-photos/78c90adbb5be569b7b2f31a9c35f902d10687fac-s48.jpeg,"Designer,mobilemaven,11thstrongestmaninMaine,authorofTapworthy,Couchto5Kcreator,sweetheart(@LizaK).","Brooklyn , United States","{('Name', 'City,Country', 'Date'): [['Pixel Up!', '8th–10th May 2017', '  South Africa  South Africa,  Cape Town ', 'Interaction17', '4th–8th February 2017', '  United States  United States,  New York ', 'Web Directions 2016', '10th–11th November 2016', '  Australia  Australia,  Sydney ', 'An Event Apart Orlando: Special Edition 2016', '3rd–5th October 2016', '  United States  United States,  Orlando ', 'SmashingConf New York 2016', '14th–15th June 2016', '  United States  United States,  New York ']]}","{('Title', 'Url', 'Event Name'): [[""Webstock '14: Josh Clark - Mind the Gap: Designing in the Space Between Devices"", 'https://web.archive.org/web/20170825093649/https://vimeo.com/89810578', 'Mind the Gap: Designing the space between devices', 'UX Week 2014 | The Web Gets Real: Designing for the Internet of Things', 'https://web.archive.org/web/20170825093649/https://vimeo.com/107190231', 'Beyond Mobile - Josh Clark', 'https://web.archive.org/web/20170825093649/https://vimeo.com/77201865', 'The Web Gets Real: Designing for the Internet of Things', 'Beyond Mobile | Web Directions', 'https://web.archive.org/web/20170825093649/http://www.webdirections.org/resources/beyond-mobile-video-presentation-from-josh-clark/', 'Josh Clark, Beyond Mobile: Where No Geek Has Gone Before - Mobilism 2013, Day 1, Afternoon, Speaker 8', 'https://web.archive.org/web/20170825093649/http://vimeo.com/68935393', 'Beyond Mobile: Where No Geek Has Gone Before', 'Buttons are a hack | Josh Clark Video presentation', 'https://web.archive.org/web/20170825093649/http://www.webdirections.org/resources/buttons-are-a-hack-presentation-video-from-josh-clark/', 'Josh Clark - The Seven Deadly Myths of Mobile - BDConf, April 2012', 'https://web.archive.org/web/20170825093649/http://vimeo.com/48327889', 'Beyond Mobile: where no geek has gone before', 'Keynote: Where No Geek Has Gone Before', 'https://web.archive.org/web/20170825093649/http://www.youtube.com/watch?v=BJ7Hd9aWmQc', 'Josh Clark - Buttons are a Hack: The New Rules of Designing for Touch - BD Conf, Sept 2011', 'https://web.archive.org/web/20170825093649/https://vimeo.com/36014698', 'Beyond Mobile: Where No Geek Has Gone Before', 'Mobil-nority Report: The next five years', 'https://web.archive.org/web/20170825093649/http://vimeo.com/31764295', 'Touching news: The new rules of tablet media', 'https://web.archive.org/web/20170825093649/http://vimeo.com/31764278', 'Buttons Are a Hack', 'Josh Clark: ""Teaching Touch""', 'https://web.archive.org/web/20170825093649/http://swipeconference.eventer.com/talks/1012', ""Webstock '11: Josh Clark - Buttons Are a Hack: The New Rules of Designing for Touch"", 'https://web.archive.org/web/20170825093649/http://vimeo.com/21796111', 'The Seven Deadly Myths of Mobile', 'Chariot Screencast: Buttons are a hack', 'https://web.archive.org/web/20170825093649/http://screencasts.chariotsolutions.com/1-2', ""O'Reilly Webcast: Tapworthy - Designing iPhone Interfaces for Delight and Usability"", 'https://web.archive.org/web/20170825093649/http://www.youtube.com/watch?v=_JobmIurqCY', 'Beyond Mobile: Where No Geek Has Gone Before', 'Going Native: The Anthropology of Mobile App Design', 'https://web.archive.org/web/20170825093649/http://vimeo.com/16226975', 'Brian Jepson interviews Josh Clark at the October 2010 Providence Geek Dinner', 'https://web.archive.org/web/20170825093649/http://blip.tv/file/4286464', 'Buttons are a hack: The new rules of designing for touch']]}","DevOpsDays Boston 2016, 25th-26th August 2016, https://web.archive.org/web/20171117230609/http://www.slideshare.net/LeonFayer1/bizops-and-you",https://web.archive.org/web/20171206133935/http://www.linkedin.com/in/joshclark,https://web.archive.org/web/20171206133935/http://twitter.com/bigmediumjosh,,https://web.archive.org/web/20171117230616/http://lanyrd.com/profile/globalmoxie/
James Pearce,https://web.archive.org/web/20171117230616im_/https://d8142femxnlg1.cloudfront.net/cropped-profile-photos/f83a160d35ee0289204c58b9c2497af97211c963-s48.jpg,OpenSource@Facebook.,"Palo Alto , United States","{('Name', 'City,Country', 'Date'): [['All Things Open', '19th–20th October 2015', '  United States  United States,  Raleigh ', 'ConnectJS 2015', '16th–17th October 2015', '  United States  United States,  Atlanta ', 'OSCON 2015', '20th–24th July 2015', '  United States  United States,  Portland ', 'All Things Open', '22nd–23rd October 2014', '  United States  United States,  Raleigh ', 'DevNation', '13th–17th April 2014', '  United States  United States,  San Francisco ']]}","{('Title', 'Url', 'Event Name'): [['James Pearce: Building a brave new web', 'https://web.archive.org/web/20160409114148/http://wordpress.tv/2012/08/24/james-pearce-building-a-brave-new-web/', 'Building a Brave New Web', 'James Pearce - This Web Goes to 11 - BDConf, April 2012', 'https://web.archive.org/web/20160409114148/http://vimeo.com/46779095', '1. All you need is <body/>', 'https://web.archive.org/web/20160409114148/http://www.youtube.com/watch?v=32wer_j5soQ', 'This Web Goes to 11', 'James Pearce | Facing the Future | Mobilism 2012', 'https://web.archive.org/web/20160409114148/http://vimeo.com/45335544', 'Keynotes: Imad Sousou & Jong-Deok Choi; Dr. Kiyohito Nagata; James Pearce', 'https://web.archive.org/web/20160409114148/http://www.youtube.com/watch?v=kvADzEIJ7TM', 'All you need is <body/>', 'James Pearce - Javascript and the Dawn of Rich Mobile Web Applications - jsday2011', 'https://web.archive.org/web/20160409114148/http://vimeo.com/30006148', ""Breaking Development April 2011: Building Tomorrow's Web With Today's Tools"", 'https://web.archive.org/web/20160409114148/http://vimeo.com/28008393', 'Facing the Future', 'SenchaCon 2010: Serving Mobile Apps from Content Management Systems', 'https://web.archive.org/web/20160409114148/http://vimeo.com/18036452']]}","UX-Orientierung von Entschieden - wie schaffen wir das? , UX Camp West 2016, 27th-28th August 2016, https://web.archive.org/web/20171117230609/https://www.slideshare.net/secret/2M3sck0P0sIZ0S",,https://web.archive.org/web/20171005150843/http://twitter.com/jamespearce,,https://web.archive.org/web/20171117230616/http://lanyrd.com/profile/jamespearce/
Peter Friese,https://web.archive.org/web/20171117230616im_/https://d8142femxnlg1.cloudfront.net/cropped-profile-photos/e2ea093251dc2c58c4e19ba44dd349e283661a98-s48.png,"Makingmobilemoresocial,oneappatatime.","Greater London , England","{('Name', 'City,Country', 'Date'): [['code.talks 2017', '28th–29th September 2017', '  Germany  Germany,  Hamburg ', 'GDG Hamburg Meetup', '12th July 2017', '  Germany  Germany,  Hamburg ', 'Google I/O 2017', '17th–19th May 2017', '  United States  United States,  Mountain View ', 'GDG DevFest Hamburg', '14th–15th October 2016', '  Germany  Germany,  Hamburg ', 'Google I/O', '18th–20th May 2016', '  United States  United States,  Mountain View ']]}","{('Title', 'Url', 'Event Name'): [['Do Androids Dream of Electric Sheep?', 'https://web.archive.org/web/20130831092240/https://vimeo.com/61467056', 'Do Androids Dream of Electric Sheep?', 'Cross-Platform Development - An Overview', 'https://web.archive.org/web/20130831092240/http://www.youtube.com/watch?v=SgWhgqTjd5g', 'Cross-Platform Mobile Development', 'https://web.archive.org/web/20130831092240/http://www.infoq.com/presentations/Cross-Platform-Mobile', 'Cross-Platform Development - An Overview', 'Fake it til you make it', 'https://web.archive.org/web/20130831092240/http://vimeo.com/35958669', 'Parleys.com - Building DSLs with Eclipse Presentation', 'https://web.archive.org/web/20130831092240/http://parleys.com/parleysserver/indexing/presentation.form?id=1999', 'Traditional and Model-Driven Approaches for Cross-Platform Mobile Development', 'Developing DSLs with Eclipse', 'https://web.archive.org/web/20130831092240/http://www.youtube.com/watch?v=bhdGNTm4PzI']]}","Building Apps using Redux with Angular 2 , Frontend Union Conf 2016, 27th August 2016, https://web.archive.org/web/20171117230609/http://slides.com/gerardsans/building-apps-redux-ng2",https://web.archive.org/web/20171024063612/http://www.linkedin.com/in/peterfriese,https://web.archive.org/web/20171024063612/http://twitter.com/peterfriese,,https://web.archive.org/web/20171117230616/http://lanyrd.com/profile/peterfriese/
Ethan Marcotte,https://web.archive.org/web/20171117230616im_/https://d8142femxnlg1.cloudfront.net/cropped-profile-photos/1c48e7866d5d89b7c887434f8f40aef5da06d7b6-s48.png,Independent designer; GIF sommelier. Started that whole “responsive web design” thing. (@RWD) Has a bukk.it. ⭐️ &gt; ❤️.,,"{('Name', 'City,Country', 'Date'): [['Experience Code', '31st January to 1st February 2018', '  Canada  Canada,  Vancouver ']]}","{('Title', 'Url', 'Event Name'): [['Speaker Panel | CSS Day', 'https://web.archive.org/web/20171004211944/https://vimeo.com/102847187', 'Panel', 'Klaus Schmidt, the Mystery Speaker', 'https://web.archive.org/web/20171004211944/http://www.youtube.com/watch?v=Ng1kOc9OYoI', 'Ethan Marcotte (Responsive Web Design) –\xa0Rolling Up Our Responsive Sleeves, An Event Apart', 'https://web.archive.org/web/20171004211944/https://vimeo.com/55112449', 'And So The Mystery Begins...']]}","Consumer Driven Contracts - Mean wh, you say and say wh, you mean - Rob Crowley , DDD Perth 2016, 27th August 2016, https://web.archive.org/web/20171117230609/http://www.slideshare.net/RobCrowley5/consumer-driven-contracts-ddd-perth-2016",,https://web.archive.org/web/20171107015259/http://twitter.com/beep,,https://web.archive.org/web/20171117230616/http://lanyrd.com/profile/beep/
Luke Wroblewski,https://web.archive.org/web/20171117230616im_/https://d8142femxnlg1.cloudfront.net/cropped-profile-photos/6bc54848de8f99c13a1025ac9420b96b01257e09-s48.jpg,Independent designer; GIF sommelier. Started that whole “responsive web design” thing. (@RWD) Has a bukk.it. ⭐️ &gt; ❤️.,,"{('Name', 'City,Country', 'Date'): [['Webstock 2016', '9th–12th February 2016', '  New Zealand  New Zealand,  Wellington ', 'An Event Apart San Francisco 2014', '17th–19th November 2014', '  United States  United States,  San Francisco ', 'Beyond The Desktop', '3rd–5th November 2014', '  United States  United States,  Orlando ', 'User Interface 19 Conference', '27th–29th October 2014', '  United States  United States,  Boston ', 'An Event Apart Orlando 2014', '27th–29th October 2014', '  United States  United States,  Orlando ']]}","{('Title', 'Url', 'Event Name'): [['AEA Video: Luke Wroblewski (author, Mobile First) - Mobile To The Future', 'https://web.archive.org/web/20170822190531/https://vimeo.com/64313805', 'Mobile to the Future', 'Luke Wroblewski (author, Mobile First) â€“ Mobile To The Future - An Event Apart', 'https://web.archive.org/web/20170822190531/http://aneventapart.com/news/post/aea-video-luke-wroblewski-author-mobile-first-mobile-to-the-future', 'Jeffrey Zeldman', 'Luke Wroblewski - Designing Mobile Web Experiences - BD Conf, Sept 2011', 'https://web.archive.org/web/20170822190531/http://vimeo.com/38865664', 'Mobile to the Future', 'Luke Wroblewski - First Person User Interfaces - BDConf, Sept 2012', 'https://web.archive.org/web/20170822190531/http://vimeo.com/50615782', 'Jeffrey Zeldman', 'Luke Wroblewski | Mobile first! | Mobilism 2011', 'https://web.archive.org/web/20170822190531/http://vimeo.com/25548033', 'Designing Mobile Web Experiences', 'Breaking Development April 2011: Mobile First', 'https://web.archive.org/web/20170822190531/http://vimeo.com/28113963', 'Mobile First - 5/27/2010', 'https://web.archive.org/web/20170822190531/http://www.youtube.com/watch?v=NjE_Or4VIlU', 'First Person User Interfaces']]}","Big-tent UX , UX Camp West 2016, 27th-28th August 2016, https://web.archive.org/web/20171117230609/http://www.slideshare.net/pboersma/bigtent-ux-ux-camp-west-2016",,https://web.archive.org/web/20171206143515/http://twitter.com/lukew,,https://web.archive.org/web/20171117230616/http://lanyrd.com/profile/lukew/
Karen McGrane,https://web.archive.org/web/20171117230616im_/https://d8142femxnlg1.cloudfront.net/cropped-profile-photos/185229f9ac811922309d2d16338326cba0411936-1d588c-s48.jpeg,"Onagoodday,Imakethewebmoreawesome.Onabadday,Ijustmakeitsuckless.","New York , United States","{('Name', 'City,Country', 'Date'): [['UX Week 2017 - Hosted by Adaptive Path', '29th August to 1st September 2017', '  United States  United States,  San Francisco ', 'Responsive Web Design Workshop', '24th August 2017', '  United States  United States,  St. Paul ', 'Now What? Conference 2017', '26th–27th April 2017', '  United States  United States,  Sioux Falls ', 'DevLearn 2016', '16th–18th November 2016', '  United States  United States,  Las Vegas ', 'Responsive Design Workshop', '19th August 2016', '  United States  United States,  Cleveland ']]}","{('Title', 'Url', 'Event Name'): [['Adaptive Content, Context, and Controversy - The Design & Content Conference', 'https://web.archive.org/web/20151001002515/https://vimeo.com/137670314', 'Adaptive Content, Context, and Controversy', 'Karen McGrane - The Mobile Content Mandate - MinneWebCon 2015', 'https://web.archive.org/web/20151001002515/https://vimeo.com/125149435', 'Karen McGrane - Content in a Zombie Apocalypse - beyond tellerrand Düsseldorf 2014', 'https://web.archive.org/web/20151001002515/https://vimeo.com/103071010', 'The Mobile Content Mandate', 'Karen McGrane - IQ Solutions Speaker Series - July 24, 2014', 'https://web.archive.org/web/20151001002515/http://www.youtube.com/watch?v=AqirVMWwRLA', 'The Mobile Content Mandate', 'https://web.archive.org/web/20151001002515/https://vimeo.com/83862998', 'Content in a Zombie Apocalypse', '""Content in a Zombie Apocalypse"" by Karen McGrane @ The Movable Type Idea Exchange', 'https://web.archive.org/web/20151001002515/https://vimeo.com/79268426', 'I suck! And so do you! | video of presentation by Karen McGrane at Dare Conference, 24-25 Sept 2013, London', 'https://web.archive.org/web/20151001002515/http://2013.dareconf.com/videos/mcgrane', 'Uncle Sam Wants You! (To Optimize Your Content For Mobile)', 'Brad Frost - Future Friendly Web Design', 'https://web.archive.org/web/20151001002515/http://mediaevolution.23video.com/video/8581151/brad-frost-future-friendly-web-design', 'Karen McGrane - Future Friendly Web Design', 'https://web.archive.org/web/20151001002515/http://mediaevolution.23video.com/video/8581211/karen-mcgrane-future-friendly-web', 'The Mobile Content Mandate', 'keynote2', 'https://web.archive.org/web/20151001002515/http://bcove.me/rnza5dye', 'Karen McGrane: Adapting Ourselves to Adaptive Content - An Event Apart', 'https://web.archive.org/web/20151001002515/https://vimeo.com/56705945', 'Content in a Zombie Apocalypse', 'Karen McGrane - Uncle Sam Wants You (To Optimize Your Content for Mobile) - BDConf, Sept 2012', 'https://web.archive.org/web/20151001002515/http://vimeo.com/50609566', 'Karen McGrane - Adapting Ourselves to Adaptive Content, BDConf, April 2012', 'https://web.archive.org/web/20151001002515/https://vimeo.com/45965788', 'I suck! And so do you!', 'Content Strategy for the Web - Karen McGrane', 'https://web.archive.org/web/20151001002515/http://vimeo.com/16353656', '2010 MIMA Summit: Technology - How We Taught Computers To Speak Our Language', 'https://web.archive.org/web/20151001002515/http://vimeo.com/25834210', 'Future Friendly Web Design', 'Content Strategy Will Make or Break Your Process - Karen McGrane & Jeff Eaton.mov', 'https://web.archive.org/web/20151001002515/http://cdn.duodesign.com/WebContent2010/Content%20Strategy%20Will%20Make%20or%20Break%20Your%20Process%20-%20Karen%20McGrane%20%26%20Jeff%20Eaton.mov', 'Karen McGrane — The way forward: what’s next for content strategy', 'https://web.archive.org/web/20151001002515/http://vimeo.com/29050868', 'Future Friendly Web Design']]}","Elements , Frontend Union Conf 2016, 27th August 2016, https://web.archive.org/web/20171117230609/https://speakerdeck.com/aemkei/elements-frontend-union-conf",,https://web.archive.org/web/20171212004958/http://twitter.com/karenmcgrane,,https://web.archive.org/web/20171117230616/http://lanyrd.com/profile/karenmcgrane/
Josh Clark,https://web.archive.org/web/20171117230616im_/https://d8142femxnlg1.cloudfront.net/cropped-profile-photos/78c90adbb5be569b7b2f31a9c35f902d10687fac-s48.jpeg,"Designer,mobilemaven,11thstrongestmaninMaine,authorofTapworthy,Couchto5Kcreator,sweetheart(@LizaK).","Brooklyn , United States","{('Name', 'City,Country', 'Date'): [['Pixel Up!', '8th–10th May 2017', '  South Africa  South Africa,  Cape Town ', 'Interaction17', '4th–8th February 2017', '  United States  United States,  New York ', 'Web Directions 2016', '10th–11th November 2016', '  Australia  Australia,  Sydney ', 'An Event Apart Orlando: Special Edition 2016', '3rd–5th October 2016', '  United States  United States,  Orlando ', 'SmashingConf New York 2016', '14th–15th June 2016', '  United States  United States,  New York ']]}","{('Title', 'Url', 'Event Name'): [[""Webstock '14: Josh Clark - Mind the Gap: Designing in the Space Between Devices"", 'https://web.archive.org/web/20170825093649/https://vimeo.com/89810578', 'Mind the Gap: Designing the space between devices', 'UX Week 2014 | The Web Gets Real: Designing for the Internet of Things', 'https://web.archive.org/web/20170825093649/https://vimeo.com/107190231', 'Beyond Mobile - Josh Clark', 'https://web.archive.org/web/20170825093649/https://vimeo.com/77201865', 'The Web Gets Real: Designing for the Internet of Things', 'Beyond Mobile | Web Directions', 'https://web.archive.org/web/20170825093649/http://www.webdirections.org/resources/beyond-mobile-video-presentation-from-josh-clark/', 'Josh Clark, Beyond Mobile: Where No Geek Has Gone Before - Mobilism 2013, Day 1, Afternoon, Speaker 8', 'https://web.archive.org/web/20170825093649/http://vimeo.com/68935393', 'Beyond Mobile: Where No Geek Has Gone Before', 'Buttons are a hack | Josh Clark Video presentation', 'https://web.archive.org/web/20170825093649/http://www.webdirections.org/resources/buttons-are-a-hack-presentation-video-from-josh-clark/', 'Josh Clark - The Seven Deadly Myths of Mobile - BDConf, April 2012', 'https://web.archive.org/web/20170825093649/http://vimeo.com/48327889', 'Beyond Mobile: where no geek has gone before', 'Keynote: Where No Geek Has Gone Before', 'https://web.archive.org/web/20170825093649/http://www.youtube.com/watch?v=BJ7Hd9aWmQc', 'Josh Clark - Buttons are a Hack: The New Rules of Designing for Touch - BD Conf, Sept 2011', 'https://web.archive.org/web/20170825093649/https://vimeo.com/36014698', 'Beyond Mobile: Where No Geek Has Gone Before', 'Mobil-nority Report: The next five years', 'https://web.archive.org/web/20170825093649/http://vimeo.com/31764295', 'Touching news: The new rules of tablet media', 'https://web.archive.org/web/20170825093649/http://vimeo.com/31764278', 'Buttons Are a Hack', 'Josh Clark: ""Teaching Touch""', 'https://web.archive.org/web/20170825093649/http://swipeconference.eventer.com/talks/1012', ""Webstock '11: Josh Clark - Buttons Are a Hack: The New Rules of Designing for Touch"", 'https://web.archive.org/web/20170825093649/http://vimeo.com/21796111', 'The Seven Deadly Myths of Mobile', 'Chariot Screencast: Buttons are a hack', 'https://web.archive.org/web/20170825093649/http://screencasts.chariotsolutions.com/1-2', ""O'Reilly Webcast: Tapworthy - Designing iPhone Interfaces for Delight and Usability"", 'https://web.archive.org/web/20170825093649/http://www.youtube.com/watch?v=_JobmIurqCY', 'Beyond Mobile: Where No Geek Has Gone Before', 'Going Native: The Anthropology of Mobile App Design', 'https://web.archive.org/web/20170825093649/http://vimeo.com/16226975', 'Brian Jepson interviews Josh Clark at the October 2010 Providence Geek Dinner', 'https://web.archive.org/web/20170825093649/http://blip.tv/file/4286464', 'Buttons are a hack: The new rules of designing for touch']]}","Making a Splash With Your Open Source Project , DjangoCon US 2016, 17th-22nd July 2016, https://web.archive.org/web/20171117230609/https://speakerdeck.com/freakboy3742/making-a-splash-with-your-open-source-project",https://web.archive.org/web/20171206133935/http://www.linkedin.com/in/joshclark,https://web.archive.org/web/20171206133935/http://twitter.com/bigmediumjosh,,https://web.archive.org/web/20171117230616/http://lanyrd.com/profile/globalmoxie/
Tom Chatfield,https://web.archive.org/web/20171117230616im_/https://s3.amazonaws.com/static.lanyrd.net/cropped-profile-photos/979c1e4314f1b76ef749299724776178a8bec107-s48.jpg,Independent designer; GIF sommelier. Started that whole “responsive web design” thing. (@RWD) Has a bukk.it. ⭐️ &gt; ❤️.,,"{('Name', 'City,Country', 'Date'): [['Thinking Digital Manchester', '2nd–3rd November 2015', '  England  England,  Manchester ', 'SXSE London 2014', '24th November 2014', '  England  England,  London ', 'Economist Technology Frontiers 2013', '5th–6th March 2013', '  England  England,  London ', 'X Media Lab Switzerland ""Participation Culture"" 2012', '14th–16th September 2012', '  Switzerland  Switzerland,  Basel-City ', 'Thinking Digital 2012', '29th–31st May 2012', '  England  England,  Gateshead ']]}","{('Title', 'Url', 'Event Name'): [[""Webstock '14: Josh Clark - Mind the Gap: Designing in the Space Between Devices"", 'https://web.archive.org/web/20170825093649/https://vimeo.com/89810578', 'Mind the Gap: Designing the space between devices', 'UX Week 2014 | The Web Gets Real: Designing for the Internet of Things', 'https://web.archive.org/web/20170825093649/https://vimeo.com/107190231', 'Beyond Mobile - Josh Clark', 'https://web.archive.org/web/20170825093649/https://vimeo.com/77201865', 'The Web Gets Real: Designing for the Internet of Things', 'Beyond Mobile | Web Directions', 'https://web.archive.org/web/20170825093649/http://www.webdirections.org/resources/beyond-mobile-video-presentation-from-josh-clark/', 'Josh Clark, Beyond Mobile: Where No Geek Has Gone Before - Mobilism 2013, Day 1, Afternoon, Speaker 8', 'https://web.archive.org/web/20170825093649/http://vimeo.com/68935393', 'Beyond Mobile: Where No Geek Has Gone Before', 'Buttons are a hack | Josh Clark Video presentation', 'https://web.archive.org/web/20170825093649/http://www.webdirections.org/resources/buttons-are-a-hack-presentation-video-from-josh-clark/', 'Josh Clark - The Seven Deadly Myths of Mobile - BDConf, April 2012', 'https://web.archive.org/web/20170825093649/http://vimeo.com/48327889', 'Beyond Mobile: where no geek has gone before', 'Keynote: Where No Geek Has Gone Before', 'https://web.archive.org/web/20170825093649/http://www.youtube.com/watch?v=BJ7Hd9aWmQc', 'Josh Clark - Buttons are a Hack: The New Rules of Designing for Touch - BD Conf, Sept 2011', 'https://web.archive.org/web/20170825093649/https://vimeo.com/36014698', 'Beyond Mobile: Where No Geek Has Gone Before', 'Mobil-nority Report: The next five years', 'https://web.archive.org/web/20170825093649/http://vimeo.com/31764295', 'Touching news: The new rules of tablet media', 'https://web.archive.org/web/20170825093649/http://vimeo.com/31764278', 'Buttons Are a Hack', 'Josh Clark: ""Teaching Touch""', 'https://web.archive.org/web/20170825093649/http://swipeconference.eventer.com/talks/1012', ""Webstock '11: Josh Clark - Buttons Are a Hack: The New Rules of Designing for Touch"", 'https://web.archive.org/web/20170825093649/http://vimeo.com/21796111', 'The Seven Deadly Myths of Mobile', 'Chariot Screencast: Buttons are a hack', 'https://web.archive.org/web/20170825093649/http://screencasts.chariotsolutions.com/1-2', ""O'Reilly Webcast: Tapworthy - Designing iPhone Interfaces for Delight and Usability"", 'https://web.archive.org/web/20170825093649/http://www.youtube.com/watch?v=_JobmIurqCY', 'Beyond Mobile: Where No Geek Has Gone Before', 'Going Native: The Anthropology of Mobile App Design', 'https://web.archive.org/web/20170825093649/http://vimeo.com/16226975', 'Brian Jepson interviews Josh Clark at the October 2010 Providence Geek Dinner', 'https://web.archive.org/web/20170825093649/http://blip.tv/file/4286464', 'Buttons are a hack: The new rules of designing for touch']]}","Things your mother didn't teach you about sharing your toys , DjangoCon US 2016, 17th-22nd July 2016, https://web.archive.org/web/20171117230609/https://speakerdeck.com/freakboy3742/things-your-parents-didnt-teach-you-about-sharing-your-toys",,https://web.archive.org/web/20170824180357/http://twitter.com/TomChatfield,,https://web.archive.org/web/20171117230616/http://lanyrd.com/profile/tomchatfield/
Werner Vogels,https://web.archive.org/web/20171117230616im_/https://d8142femxnlg1.cloudfront.net/cropped-profile-photos/742b055c2eaa2cc37fe7e7cd1b9e98e11b0dd879-s48.jpg,Independent designer; GIF sommelier. Started that whole “responsive web design” thing. (@RWD) Has a bukk.it. ⭐️ &gt; ❤️.,,"{('Name', 'City,Country', 'Date'): [['Box Hack Day', '6th–8th September 2016', '  United States  United States,  San Francisco ', 'AWS Summit New York 2016', '10th–11th August 2016', '  United States  United States,  New York ', 'TNW Conference Europe 2016', '26th–27th May 2016', '  Netherlands  Netherlands,  Amsterdam ', 'Gigaom Structure 2015', '17th–18th June 2015', '  United States  United States,  San Francisco ', 'Signal', '19th–20th May 2015', '  United States  United States,  San Francisco ']]}","{('Title', 'Url', 'Event Name'): [['Werner Vogels @ tnw2012 CxOSummit', 'https://web.archive.org/web/20170824220509/http://www.youtube.com/watch?v=GlT8f9NssxY', 'The Lean Cloud, making Enterprises succeed in an Agile World', ""LISA '09 Opening Remarks & Awards Video"", 'https://web.archive.org/web/20170824220509/http://www.usenix.org/events/lisa09/stream1/opening.html', ""Amazon's Werner Vogels at Dublin Web Summit"", 'https://web.archive.org/web/20170824220509/http://www.youtube.com/watch?v=xrAanHRut74', 'Ahead in the Cloud: The Power of Infrastructure as a Service', 'Strata 2011:  Werner Vogels, ""Data Without Limits""', 'https://web.archive.org/web/20170824220509/http://www.youtube.com/watch?v=oNTp5spjv0w']]}","From Mobile First to Offline First , Th, Conference 2016, 8th-10th August 2016, https://web.archive.org/web/20171117230609/https://speakerdeck.com/bradleyholt/from-mobile-first-to-offline-first-at-that-conference",,https://web.archive.org/web/20170618062703/http://twitter.com/Werner,,https://web.archive.org/web/20171117230616/http://lanyrd.com/profile/werner/
Paul Irish,https://web.archive.org/web/20171117230616im_/https://d8142femxnlg1.cloudfront.net/cropped-profile-photos/92e9bbc791a376d5effa8655e153616f9d72e1e4-s48.jpg,"Iwantthewebtowin•Chromedevrelations•currentlyfascinatedwithfront-endtoolingandbrowserdevtools•bigfanofsorbet,researchandwhimsy","Palo Alto , United States","{('Name', 'City,Country', 'Date'): [['#PerfMatters Conference', '27th–28th March 2018', '  United States  United States,  Redwood City ']]}","{('Title', 'Url', 'Event Name'): [['How Users Perceive the Speed of The Web - Paul Irish (Google) keynote', 'https://web.archive.org/web/20170913104142/http://www.youtube.com/watch?v=2ksXo2_Lfl0', 'How Users Perceive the Speed of The Web', 'DevTools for Mobile - Chrome Dev Summit 2013 (Paul Irish)', 'https://web.archive.org/web/20170913104142/http://www.youtube.com/watch?v=gZH1d2Co1X0', 'Mobile Web Developer Tools', 'https://web.archive.org/web/20170913104142/https://vimeo.com/78331559', 'DevTools for Mobile', 'Google I/O 2013 - Clientside Package Management: Less Work, More Awesome', 'https://web.archive.org/web/20170913104142/http://www.youtube.com/watch?v=o9Xo_WFAyqg', 'Matt Smith', 'Google I/O 2013 - Feature Detection in the Real World', 'https://web.archive.org/web/20170913104142/http://www.youtube.com/watch?v=t1fOAKHTKoM', 'Mobile Web Developer Tools', 'The Modern Workflow for Developing the Mobile Web - Google I/O 2013', 'https://web.archive.org/web/20170913104142/http://www.youtube.com/watch?v=dkOmuyL7ffM', 'Google I/O 2013 - Chrome DevTools Revolutions 2013', 'https://web.archive.org/web/20170913104142/http://www.youtube.com/watch?v=x6qe_kVaBpg', 'Clientside Package Management: Less Work, More Awesome', 'Google I/O 2013 - Fireside Chat with the Blink Team', 'https://web.archive.org/web/20170913104142/http://www.youtube.com/watch?v=WEBeNZ8khS4', 'Paul Irish [En]: Developing HTML5 For a Cross Browser World', 'https://web.archive.org/web/20170913104142/http://vimeo.com/32608242', 'Feature Detection in the Real World', 'Edge Conference - Panel 7: Testing and tooling', 'https://web.archive.org/web/20170913104142/http://www.youtube.com/watch?v=FY5iiuQRyEE', 'TXJS 2011 A8 - Paul Irish - HTML and the DOM', 'https://web.archive.org/web/20170913104142/http://vimeo.com/32287640', 'The Modern Workflow for Developing the Mobile Web', 'Fluent 2012: Paul Irish, ""Javascript Development Workflow of 2013""', 'https://web.archive.org/web/20170913104142/http://www.youtube.com/watch?v=f7AU2Ozu8eo', 'JSConf2012 - Paul Irish', 'https://web.archive.org/web/20170913104142/http://blip.tv/jsconf/jsconf2012-paul-irish-6139707', 'Chrome DevTools Revolutions 2013 ', 'jQuery UK 2012 - App development stack for JS developers - Paul Irish', 'https://web.archive.org/web/20170913104142/http://vimeo.com/40929961', 'JSConf2011 - Paul Irish', 'https://web.archive.org/web/20170913104142/http://blip.tv/jsconf/jsconf2011-paul-irish-5382827', 'Fireside Chat with the Blink Team', 'Google I/O 2011: Chrome Dev Tools Reloaded', 'https://web.archive.org/web/20170913104142/http://www.youtube.com/watch?v=N8SS-rUEZPg', 'Paul Irish on HTML5 Boilerplate', 'https://web.archive.org/web/20170913104142/http://www.youtube.com/watch?v=qyM37XKkmKQ', 'Developing HTML5 For a Cross Browser World', 'Paul Irish - The State of HTML5 : Inaugural Address', 'https://web.archive.org/web/20170913104142/http://blip.tv/file/4293357', 'Paul Irish | The State of HTML5: Inaugural Address | Fronteers 2010', 'https://web.archive.org/web/20170913104142/http://vimeo.com/15988666', 'Testing and tooling']]}","Domain-Driven D,a , Th, Conference 2016, 8th-10th August 2016, https://web.archive.org/web/20171117230609/https://speakerdeck.com/bradleyholt/domain-driven-data-at-that-conference",,https://web.archive.org/web/20171017180326/http://twitter.com/paul_irish,,https://web.archive.org/web/20171117230616/http://lanyrd.com/profile/paul_irish/
Michał Budzyński,https://web.archive.org/web/20171117230616im_/https://d8142femxnlg1.cloudfront.net/cropped-profile-photos/557ae4cc99c5dddc8424e6ad8a20ced8dbc65fd4-s48.jpeg,@Boot2Geckodeveloperat@Mozilla.❤TVSeries&Tabasco.@onGameStart&@AntarcticJSsensei.,"Warsaw , Poland","{('Name', 'City,Country', 'Date'): [['DEVit Conference 2016', '20th May 2016', '  Greece  Greece,  Thessaloniki ', 'jsDay 2015', '13th–14th May 2015', '  Italy  Italy,  Verona ', 'Front-Trends 2015', '6th–8th May 2015', '  Poland  Poland,  Warsaw ', '[canceled] onGameStart 2015', '11th–13th March 2015', '  Poland  Poland,  Warsaw ', 'AntarcticJS', '14th–22nd November 2014', '  Antarctica  Antarctica ']]}","{('Title', 'Url', 'Event Name'): [['Michał Budzyński - JS, JS, are you mad?', 'https://web.archive.org/web/20170910160919/http://www.youtube.com/watch?v=Fwcow-HoX3g', 'JS, JS, are you mad?', ""Keyboard? Mouse? C'mon! It's 2014 - Lightning Talk - Michał Budzyński"", 'https://web.archive.org/web/20170910160919/http://vimeo.com/97308704', 'Michal Budzynski - LXJS2013 - Gaming in JavaScript', 'https://web.archive.org/web/20170910160919/http://www.youtube.com/watch?v=ekvaKmVfjtc', ""Keyboard? Mouse? C'mon! It's 2014!"", 'Michal Budzynski - Opening, history & the current state of HTML5 games', 'https://web.archive.org/web/20170910160919/https://vimeo.com/65545055', 'TakeOff 2013 - The photostory of everything - Michal Budzynski', 'https://web.archive.org/web/20170910160919/http://www.youtube.com/watch?v=4jxkWqSHh98', '[Game.js] Thinking outside the box', ""JSCamp Talk: Michal Budzynski - Yo Mama's So Ugly She Makes Onions Cry"", 'https://web.archive.org/web/20170910160919/http://www.youtube.com/watch?v=vjcxPptZdPA', 'JS.everywhere(Europe) 2012: The Next Console Generation Will Be the Last - Michal Budzynski', 'https://web.archive.org/web/20170910160919/http://www.youtube.com/watch?v=0C85zospch0', 'Opening, history & the current state of HTML5 games', 'Go to hell Flash! We have Open Web! - Michal Budzynski', 'https://web.archive.org/web/20170910160919/https://vimeo.com/49754123', 'Michal Budzynski - Hey Flash, can you do this HTML5 can!', 'https://web.archive.org/web/20170910160919/https://vimeo.com/43334970', 'The photostory of everything', 'Michal Budzynski - BrazilJS 2011', 'https://web.archive.org/web/20170910160919/http://vimeo.com/37859715', 'Michał Budzyński - How not to reinvent the wheel (Game dev)', 'https://web.archive.org/web/20170910160919/http://www.youtube.com/watch?v=IOAR_DLR5C4', ""Yo Mama's So Ugly She Makes Onions Cry - Michal Budzynski"", 'Michał Budzyński', 'https://web.archive.org/web/20170910160919/http://vimeo.com/32360230', 'Michal Budzynski - JAVASCRIPT IN GAME DEVELOPMENT - jsday2011', 'https://web.archive.org/web/20170910160919/http://vimeo.com/30016055', 'The next console generation will be the last', 'Michal Budzynski – Why Do We Need Two Eyes?', 'https://web.archive.org/web/20170910160919/http://blip.tv/jsconfeu/michal-budzynski-why-do-we-need-two-eyes-5647612']]}","From Mobile First to Offline First , Abstractions, 18th-20th August 2016, https://web.archive.org/web/20171117230609/https://speakerdeck.com/bradleyholt/from-mobile-first-to-offline-first-at-abstractions",,https://web.archive.org/web/20171206143520/http://twitter.com/michalbe,,https://web.archive.org/web/20171117230616/http://lanyrd.com/profile/michalbe/
Mike Butcher,https://web.archive.org/web/20171117230616im_/https://d8142femxnlg1.cloudfront.net/cropped-profile-photos/565c8820b1ded4bfc5fccde541680aa3669f66ef-s48.jpg,"EuropeanEditor,@TechCrunch|Co-founder/Adviser,@TechHub|Adviser,@Coadec|WEFMediaLeader|http://t.co/OfZdufxE|http://t.co/m99PgeIn","London , England","{('Name', 'City,Country', 'Date'): [['DOKU:TECH', '6th–7th August 2016', ' Kosovo ', 'Bits & Pretzels 2015', '27th–29th September 2015', '  Germany  Germany,  Munich ', 'Arctic15', '26th–27th May 2015', '  Finland  Finland,  Helsinki ', 'Webrazzi Summit 2014', '25th September 2014', '  Turkey  Turkey,  Istanbul ', 'WORD! Conference, Berlin Music Week 2014', '3rd–7th September 2014', '  Germany  Germany,  Berlin ']]}","{('Title', 'Url', 'Event Name'): [['Yossi Vardi (DLD) - from Main Stage - Dublin Web Summit 2012', 'https://web.archive.org/web/20150924071432/http://new.livestream.com/websummit/DWS12Main/videos/5872006', 'Yossi Vardi and Mike Butcher', 'Dmitry Grishin - Mail.ru - from Main Stage - Dublin Web Summit 2012', 'https://web.archive.org/web/20150924071432/http://new.livestream.com/websummit/DWS12Main/videos/5818203', 'The European Intervention - from Main Stage - Dublin Web Summit 2012', 'https://web.archive.org/web/20150924071432/http://new.livestream.com/websummit/DWS12Main/videos/5784081', 'Dmitry Grishin and Mike Butcher', 'Google - Nikesh Arora - from London Web Summit', 'https://web.archive.org/web/20150924071432/http://new.livestream.com/websummit/LWS/videos/349961', 'Deezer - Axel Dauchez - from London Web Summit', 'https://web.archive.org/web/20150924071432/http://new.livestream.com/websummit/LWS/videos/349957', 'A European Intervention', 'Startup Finalists - from London Web Summit', 'https://web.archive.org/web/20150924071432/http://new.livestream.com/websummit/LWS/videos/349959', 'Atomico - Niklas Zennstrom - from London Web Summit', 'https://web.archive.org/web/20150924071432/http://new.livestream.com/websummit/LWS/videos/349108', 'Google', 'London Web Summit - Introduction - from London Web Summit', 'https://web.archive.org/web/20150924071432/http://new.livestream.com/websummit/LWS/videos/347547', ""Nick D'Aloisio - from London Web Summit"", 'https://web.archive.org/web/20150924071432/http://new.livestream.com/websummit/LWS/videos/347557', 'Deezer', 'Interview: Shak Khan (Spotify) with Mike Butcher (TechCrunch) - from London Web Summit', 'https://web.archive.org/web/20150924071432/http://new.livestream.com/websummit/LWS13/videos/12831806', 'Demo - from London Web Summit', 'https://web.archive.org/web/20150924071432/http://new.livestream.com/websummit/LWS13/videos/12815480', 'Startup Finalists', 'Demo - from London Web Summit', 'https://web.archive.org/web/20150924071432/http://new.livestream.com/websummit/LWS13/videos/12815480', 'Aaron Levie, CEO of Box Takes the Stage at LeWeb London 2012', 'https://web.archive.org/web/20150924071432/http://www.youtube.com/watch?v=G5cY9jsAMpk', 'Atomico', 'Start-Up Clusters in Europe', 'https://web.archive.org/web/20150924071432/http://www.ustream.tv/recorded/19009728', 'VC Panel at Dublin Web Summit', 'https://web.archive.org/web/20150924071432/http://www.youtube.com/watch?v=6EhKJgTnBfI', 'Introduction', 'HDLive - Mike Butcher ""Time to Start Up""', 'https://web.archive.org/web/20150924071432/http://vimeo.com/8079739', 'Mike Butcher @ The Dublin Web Summit', 'https://web.archive.org/web/20150924071432/http://www.youtube.com/watch?v=raUyDeAq52Q', 'Nick Dâ€™Aloisio', 'How To Deal With TechCrunch - And Maybe Other Media - Mike Butcher', 'https://web.archive.org/web/20150924071432/http://vimeo.com/26432513']]}","Heißt Agil “noch weniger Zeit zum Testen”?!? , ASQF Fachgruppentreffen Braunschweig August 2016, 18th August 2016, https://web.archive.org/web/20171117230609/http://www.slideshare.net/AlexSchwartz1/does-agile-mean-having-even-less-time-for-testing",https://web.archive.org/web/20170822175937/http://www.linkedin.com/in/mikebutcher,https://web.archive.org/web/20170822175937/http://twitter.com/mikebutcher,,https://web.archive.org/web/20171117230616/http://lanyrd.com/profile/mikebutcher/
Shervin Pishevar,https://web.archive.org/web/20171117230616im_/https://d8142femxnlg1.cloudfront.net/cropped-profile-photos/e5ded4ee6228f89ef8f834ba00f2aad64168ca33-s48.jpeg,Independent designer; GIF sommelier. Started that whole “responsive web design” thing. (@RWD) Has a bukk.it. ⭐️ &gt; ❤️.,,"{('Name', 'City,Country', 'Date'): [[""LeWeb'13 Paris"", '10th–13th December 2013', '  France  France,  Paris ', 'Dublin Web Summit 2013', '30th–31st October 2013', '  Ireland  Ireland,  Dublin ', 'Start New York 2013', '15th March 2013', '  United States  United States,  New York ', 'SXSW Interactive 2013', '8th–12th March 2013', '  United States  United States,  Austin ', 'Pioneers Festival 2012', '29th–31st October 2012', '  Austria  Austria,  Vienna ']]}","{('Title', 'Url', 'Event Name'): [['Know your enemy: copycats, competitors and partners - from Start New York', 'https://web.archive.org/web/20150403113418/http://new.livestream.com/websummit/nyc2013/videos/13884661', 'Know your enemy: copycats, competitors and partners', 'Panel - Bonfire of the Vanities: Celebrities, Startups & Hype - from London Web Summit', 'https://web.archive.org/web/20150403113418/http://new.livestream.com/websummit/LWS/videos/347550', 'Team Uber vs. Team Hailo - LeWeb London 2012 - Plenary 1', 'https://web.archive.org/web/20150403113418/http://www.youtube.com/watch?v=Og1zTA2feoM', 'Bonfire of the Vanities: Celebrities, Startups and Hype', 'Sean Parker, General Partner, Founders Fund  & Shervin Pishevar, Managing Director, Menlo Ventures', 'https://web.archive.org/web/20150403113418/http://www.ustream.tv/recorded/19027372', 'Big Omaha 2011 - Extended Speaker Q&A', 'https://web.archive.org/web/20150403113418/http://vimeo.com/25749984', 'Team Uber vs. Team Hailo', 'Big Omaha 2011 - Shervin Pishevar of Menlo Ventures', 'https://web.archive.org/web/20150403113418/http://vimeo.com/25388561', '@Angels: Ron Conway (SV Angel), Jeff Clavier (SoftTech VC), Josh Felser (Freestyle Capital), Dave Mc', 'https://web.archive.org/web/20150403113418/http://www.ustream.tv/recorded/17272724', 'Sean Parker & Shervin Pishevar']]}","Hacking the OWASP Juice Shop , OWASP NL Chapter Meeting, 22nd September 2016, https://web.archive.org/web/20171117230609/https://slideshare.net/BjrnKimminich/juice-shop-an-intentionally-insecure-javascript-web-application",,https://web.archive.org/web/20171206143524/http://twitter.com/shervin,,https://web.archive.org/web/20171117230616/http://lanyrd.com/profile/shervin/
Marc Burgauer,https://web.archive.org/web/20171117230616im_/https://d8142femxnlg1.cloudfront.net/cropped-profile-photos/13c5a35a346258dd4f270350f4ef03b06da12dba-s75.png,Independent designer; GIF sommelier. Started that whole “responsive web design” thing. (@RWD) Has a bukk.it. ⭐️ &gt; ❤️.,,"{('Name', 'City,Country', 'Date'): [['GOTO Berlin 2017', '15th–17th November 2017', '  Germany  Germany,  Berlin ']]}","{('Title', 'Url', 'Event Name'): [[]]}","Hacking the OWASP Juice Shop , OWASP NL Chapter Meeting, 22nd September 2016, https://web.archive.org/web/20171117230609/http://bkimminich.github.io/juice-shop/",https://web.archive.org/web/20170910024824/https://www.linkedin.com/pub/marc-burgauer/2/229/a8a,https://web.archive.org/web/20170910024824/http://twitter.com/somesheep,,https://web.archive.org/web/20171117230616/http://lanyrd.com/profile/marc_burgauer/
Dan North,https://web.archive.org/web/20171117230616im_/https://d8142femxnlg1.cloudfront.net/cropped-profile-photos/36273c13df27393a0e19d1d6be9bc70f232eccbd-s75.jpeg,"Optimizeroforganizations,teamsandsoftware,programmer,Agilecoach,technologist,troublemaker.Christian,husband,occasionalblogger.","London , England","{('Name', 'City,Country', 'Date'): [['GOTO Berlin 2017', '15th–17th November 2017', '  Germany  Germany,  Berlin ']]}","{('Title', 'Url', 'Event Name'): [['Software, Faster â€¢ Dan North', 'https://web.archive.org/web/20170817062518/https://www.youtube.com/watch?v=USc-yLHXNUg&feature=youtu.be&list=PLEx5khR4g7PIBIQHkNnOyRy2kclkq25Bh', 'Software, Faster', 'Microservices: Software that Fits in Your Head', 'https://web.archive.org/web/20170817062518/http://www.infoq.com/presentations/microservices-replaceability-consistency/?utm_source=lanyrd&utm_medium=coverage&utm_campaign=lanyrdlondonvideos']]}","Privacy on the internet-Metamorphosis , SFK12 Software Freedom Kosova Conference 2012, 7th-10th September 2012, https://web.archive.org/web/20171117230609/https://prezi.com/b3fztllu2qig/privacy-on-the-internet/",https://web.archive.org/web/20171024063103/https://www.linkedin.com/in/dannorth,https://web.archive.org/web/20171024063103/http://twitter.com/tastapod,,https://web.archive.org/web/20171117230616/http://lanyrd.com/profile/tastapod/
Scott Hanselman,https://web.archive.org/web/20171117230616im_/https://d8142femxnlg1.cloudfront.net/cropped-profile-photos/34e9c96db3aa4ba531dd421d34b8b7d08eb01af4-s75.jpg,"Tech,Code,YouTube,Race,Linguistics,Web,Parenting,BlackHair,STEM,Inclusion,@OSCONchair,Phony.MSFT,butthesearemyopinions.@overheardathome","Portland , United States","{('Name', 'City,Country', 'Date'): [['nopCommerce Days 2017', '16th–17th November 2017', '  United States  United States,  New York ', 'Syntax Conference 2018', '6th–8th June 2018', '  United States  United States,  Charleston ']]}","{('Title', 'Url', 'Event Name'): [['Keeping It Realtime Conference - SignalR - Realtime on ASP.NET (Scott Hanselman & Paul Batum)', 'https://web.archive.org/web/20160429030658/http://vimeo.com/41320709', 'SignalR – That node? No, it’s scalable realtime on ASP.NET. Open Source. Also hell is frozen.', 'Building Web Apps with ASP.NET Jump Start: (09) Taking Advantage of Windows Azure Services | Building Web Apps with ASP.NET Jump Start | Channel 9', 'https://web.archive.org/web/20160429030658/http://channel9.msdn.com/Series/Building-Web-Apps-with-ASP-NET-Jump-Start/Building-Web-Apps-with-ASPNET-Jump-Start-09-Taking-Advantage-of-Windows-Azure-Services', 'Building Web Apps with ASP.NET Jump Start: (08) Real-time Communication with SignalR | Building Web Apps with ASP.NET Jump Start | Channel 9', 'https://web.archive.org/web/20160429030658/http://channel9.msdn.com/Series/Building-Web-Apps-with-ASP-NET-Jump-Start/Building-Web-Apps-with-ASPNET-Jump-Start-08-Real-time-Communication-with-SignalR', 'Taking Advantage of Windows Azure Services', 'Building Web Apps with ASP.NET Jump Start: (07) Building for the Mobile Web | Building Web Apps with ASP.NET Jump Start | Channel 9', 'https://web.archive.org/web/20160429030658/http://channel9.msdn.com/Series/Building-Web-Apps-with-ASP-NET-Jump-Start/Building-Web-Apps-with-ASPNET-Jump-Start-07-Building-for-the-Mobile-Web', 'Building Web Apps with ASP.NET Jump Start: (06) Building and Leveraging Social Services in ASP.NET | Building Web Apps with ASP.NET Jump Start | Channel 9', 'https://web.archive.org/web/20160429030658/http://channel9.msdn.com/Series/Building-Web-Apps-with-ASP-NET-Jump-Start/Building-Web-Apps-with-ASPNET-Jump-Start-06-Building-and-Leveraging-Social-Services-in-ASPNET', 'Real-time Communication with SignalR', 'Building Web Apps with ASP.NET Jump Start: (05) Leveraging Your ASP.NET Development Skills to Build Office Apps | Building Web Apps with ASP.NET Jump Start | Channel 9', 'https://web.archive.org/web/20160429030658/http://channel9.msdn.com/Series/Building-Web-Apps-with-ASP-NET-Jump-Start/Building-Web-Apps-with-ASPNET-Jump-Start-05-Leveraging-Your-ASPNET-Development-Skills-to-Build-Offic', 'Building Web Apps with ASP.NET Jump Start: (04) Building a Service Layer with ASP.NET Web API | Building Web Apps with ASP.NET Jump Start | Channel 9', 'https://web.archive.org/web/20160429030658/http://channel9.msdn.com/Series/Building-Web-Apps-with-ASP-NET-Jump-Start/Building-Web-Apps-with-ASPNET-Jump-Start-04-Building-a-Service-Layer-with-ASPNET-Web-API', 'Building for the Mobile Web', 'Building Web Apps with ASP.NET Jump Start: (03) Creating HTML5 Applications with jQuery | Building Web Apps with ASP.NET Jump Start | Channel 9', 'https://web.archive.org/web/20160429030658/http://channel9.msdn.com/Series/Building-Web-Apps-with-ASP-NET-Jump-Start/Building-Web-Apps-with-ASPNET-Jump-Start-03-Creating-HTML5-Applications-with-jQuery', 'Building Web Apps with ASP.NET Jump Start: (02) Building and Deploying Websites with ASP.NET MVC 4 | Building Web Apps with ASP.NET Jump Start | Channel 9', 'https://web.archive.org/web/20160429030658/http://channel9.msdn.com/Series/Building-Web-Apps-with-ASP-NET-Jump-Start/Building-Web-Apps-with-ASPNET-Jump-Start-02-Building-and-Deploying-Websites-with-ASPNET-MVC-4', 'Building and Leveraging Social Services in ASP.NET', ""Building Web Apps with ASP.NET Jump Start: (01) What's New in ASP.NET 4.5 | Building Web Apps with ASP.NET Jump Start | Channel 9"", 'https://web.archive.org/web/20160429030658/http://channel9.msdn.com/Series/Building-Web-Apps-with-ASP-NET-Jump-Start/Building-Web-Apps-with-ASPNET-Jump-Start-01-Whats-New-in-ASPNET-45', 'Brian Leroux, Jaime Wren & Scott Hanselman: Professional Productivity - Part 2', 'https://web.archive.org/web/20160429030658/http://www.youtube.com/watch?v=E6nnWOAJpJQ', 'Leveraging Your ASP.NET Development Skills to Build Office Apps', 'Scott Hanselman: ASP.NET, HTML5 and the Mobile Web', 'https://web.archive.org/web/20160429030658/http://www.youtube.com/watch?v=L5DxzUaUyws', ""Webstock '12: Scott Hanselman - It's not what you read, it's what you ignore"", 'https://web.archive.org/web/20160429030658/http://vimeo.com/39020426', 'Building a Service Layer with ASP.NET Web API', 'An Overview of the Microsoft Web Stack | Tech·Ed North America 2011 | Channel 9', 'https://web.archive.org/web/20160429030658/http://channel9.msdn.com/Events/TechEd/NorthAmerica/2011/DEV349', 'NuGet: Microsoft .NET Package Management for the Enterprise | Tech·Ed North America 2011 | Channel 9', 'https://web.archive.org/web/20160429030658/http://channel9.msdn.com/Events/TechEd/NorthAmerica/2011/DEV338', 'Creating HTML5 Applications with jQuery', 'Web Camp Belgium: Interview with Scott Hanselman | Web Camp Belgium 2011 | Channel 9', 'https://web.archive.org/web/20160429030658/http://channel9.msdn.com/Series/Web-Camp-Belgium-2011/Web-Camp-Belgium-Interview-with-Scott-Hanselman', 'Keynote Web Camps Belgium by Scott Hanselman | Web Camp Belgium 2011 | Channel 9', 'https://web.archive.org/web/20160429030658/http://channel9.msdn.com/Series/Web-Camp-Belgium-2011/Keynote-Web-Camps-Belgium-by-Scott-Hanselman', 'Building and Deploying Websites with ASP.NET MVC 4']]}","Open Educ,ional Resources Initi,ive in Macedonia , SFK12 Software Freedom Kosova Conference 2012, 7th-10th September 2012, https://web.archive.org/web/20171117230609/http://www.slideshare.net/inkaklinka/open-educational-resources-initiative-in-macedonia-65236810",,https://web.archive.org/web/20170724222633/http://twitter.com/shanselman,,https://web.archive.org/web/20171117230616/http://lanyrd.com/profile/shanselman/
Chris Heilmann,https://web.archive.org/web/20171117230616im_/https://d8142femxnlg1.cloudfront.net/cropped-profile-photos/2446cc792193f1d4f3d7759d299869a84fb00061-s75.png,Independent designer; GIF sommelier. Started that whole “responsive web design” thing. (@RWD) Has a bukk.it. ⭐️ &gt; ❤️.,,"{('Name', 'City,Country', 'Date'): [['DevReach 2017', '13th–14th November 2017', '  Bulgaria  Bulgaria,  Sofia ', 'HalfStack 2017', '17th November 2017', '  England  England,  London ']]}","{('Title', 'Url', 'Event Name'): [['DEVit 2015 :: Crack, Train, Fix, Release', 'https://web.archive.org/web/20170813214217/https://www.youtube.com/watch?v=h7dudihxaes&index=1&list=PLVW3mqxwXEhz6l63qTp3P_hTaokRsvg6R', 'Crack, Train, Fix, Release', 'Christian Heilmann - Of Gaps, Fillers and Empty Spaces', 'https://web.archive.org/web/20170813214217/https://vimeo.com/145242228', 'Videoplayer', 'https://web.archive.org/web/20170813214217/http://uvp.videoservice.apa.at/embed/5abd4cdf-1b84-4837-aa4d-0e75732fa8c2', 'Of Gaps, Fillers and Empty Spaces', 'Chris Heilmann - Fixing the mobile web - beyond tellerrand 2013', 'https://web.archive.org/web/20170813214217/https://vimeo.com/channels/beyondtellerrand/69790729', 'Interview mit Mozilla-Evangelist Chris Heilmann: „Mich nervt das geringe Qualitätsbewusstsein im Web“ [Video]', 'https://web.archive.org/web/20170813214217/http://t3n.de/news/interview-mozilla-evangelist-468355/', ""TE;DL - Too easy, didn't learn"", 'Fixing the mobile web - screencast of #btconf keynote', 'https://web.archive.org/web/20170813214217/http://www.youtube.com/watch?v=5D7_3Y1TCjk', 'Christian Heilmann of Mozilla: Setting Disruptors to Stun! - HTML5DevConf Keynote', 'https://web.archive.org/web/20170813214217/http://www.youtube.com/watch?v=rstD4rm3EQ8', 'Fixing the mobile web', 'Edge Conference - Panel 6: Privileged access', 'https://web.archive.org/web/20170813214217/http://www.youtube.com/watch?v=ytJKdipILiU', 'Chris Heilmann - Keep Calm and Trust HTML5', 'https://web.archive.org/web/20170813214217/http://vimeo.com/54188798', 'Fixing the mobile web', 'Bram Duvigneau, Antoine Hegeman and Bor Verkroost | Accessibility panel | Fronteers 2012', 'https://web.archive.org/web/20170813214217/http://vimeo.com/52882798', ""To be announced - Christian Heilmann's closing keynote at smashingconf2012"", 'https://web.archive.org/web/20170813214217/http://www.youtube.com/watch?v=38udaIApS4M', 'Fixing the mobile web', 'Over The Air 2012 Christian Heilman, Mozilla', 'https://web.archive.org/web/20170813214217/http://www.youtube.com/watch?v=zl-8MJUHG6U', 'Screencast', 'https://web.archive.org/web/20170813214217/http://cf.cdn.vid.ly/1o2x3s/iphone_stream4.m3u8', 'Setting disruptors to stun!', 'jQuery UK 2012 - Embracing and celebrating redundancy - Christian Heilmann', 'https://web.archive.org/web/20170813214217/http://vimeo.com/40873227', 'Chris Heilmann | The prestige of being a web developer | Fronteers 2011', 'https://web.archive.org/web/20170813214217/http://vimeo.com/33650934', 'Privileged access', 'Breaking the barriers – moving browsers and the web forward', 'https://web.archive.org/web/20170813214217/http://vimeo.com/33014244', 'Finding Harmony in Web Development - @codepo8', 'https://web.archive.org/web/20170813214217/http://vimeo.com/20157758', 'Keep Calm and Trust HTML5', 'Time to build a better web - Yes, we mean you! - Christian Heilmann', 'https://web.archive.org/web/20170813214217/http://www.vimeo.com/19969847', ""Christian Heilmann - 'The Why of HTML5 for Games Development'"", 'https://web.archive.org/web/20170813214217/http://www.youtube.com/watch?v=csWBnPcj62I', 'Accessibility panel', 'Treading the cowpaths of the information superhighway by Christian Heilmann', 'https://web.archive.org/web/20170813214217/http://vimeo.com/10015793']]}","Self-Healing Systems: The Road to 99.99% Uptime (Robertson 3) , PyBay, 19th-21st August 2016, https://web.archive.org/web/20171117230609/https://speakerdeck.com/wting/self-healing-systems-the-road-to-99-dot-99-percent",,https://web.archive.org/web/20171018061234/http://twitter.com/codepo8,,https://web.archive.org/web/20171117230616/http://lanyrd.com/profile/codepo8/
